station_id,date,temp_min,temp_max,humidity,rainfall_mm,wind_speed_ms,lat,lon,elevation_m
STN_00000,2025-01-01,15.03,30.19,85.5,118.5,0.02,20.320780370209583,79.20602909141974,512.0
STN_00001,2025-01-02,17.48,31.09,87.1,38.1,5.62,26.956201444854038,81.74609994006329,691.9
STN_00002,2025-01-03,16.41,32.25,44.8,97.3,1.8,18.10630905486035,79.57195752704148,299.3
STN_00003,2025-01-04,22.61,34.79,76.5,56.4,0.73,20.584515706492354,76.67347694068177,211.8
STN_00004,2025-01-05,7.27,43.79,44.9,23.3,6.87,26.907887579924477,80.49786284450761,842.7
STN_00005,2025-01-06,8.96,42.85,45.3,83.0,12.82,23.34707052960454,81.6133455825442,180.4
STN_00006,2025-01-07,20.95,26.4,49.9,1.2,6.28,24.68185370775982,82.45198127299712,684.4
STN_00007,2025-01-08,8.27,26.57,79.0,23.8,11.07,19.310292071008394,80.55776766101116,417.1
STN_00008,2025-01-09,19.29,33.52,52.4,79.2,6.16,17.690491846886523,74.59474592525093,560.5
STN_00009,2025-01-10,10.22,32.25,34.5,22.6,8.23,20.459246212074422,80.2660193423143,496.8
STN_00010,2025-01-11,13.15,29.21,48.8,39.5,3.72,23.04599507951373,76.83132410377794,238.2
STN_00011,2025-01-12,9.56,26.22,40.8,13.8,9.05,23.264454712380115,73.9728349863189,839.8
STN_00012,2025-01-13,19.39,41.0,30.9,94.7,11.1,24.38199667216323,73.29664361027426,598.6
STN_00013,2025-01-14,14.88,35.33,75.8,38.8,0.62,20.854191431680334,82.89303116510952,241.2
STN_00014,2025-01-15,19.1,38.46,54.8,56.2,6.15,21.563854470198628,76.33371595404905,284.6
STN_00015,2025-01-16,15.73,37.44,57.5,38.2,13.08,20.631900020900268,75.25915402632225,367.4
STN_00016,2025-01-17,7.75,39.07,82.6,49.1,4.62,25.852627148714042,73.41254927870905,771.2
STN_00017,2025-01-18,9.07,27.13,82.5,63.0,3.12,20.261127215820245,77.67217974589413,530.3
STN_00018,2025-01-19,15.77,39.8,49.6,7.4,10.2,20.794191461747232,74.99762054414535,227.3
STN_00019,2025-01-20,5.18,30.14,67.0,118.1,9.63,19.563632579722263,81.55697065394605,155.0
STN_00020,2025-01-21,14.47,39.39,87.1,89.2,11.47,26.68622744091266,80.8127476948026,202.8
STN_00021,2025-01-22,17.57,27.87,67.6,94.0,13.0,26.59832333344322,74.00193280578021,749.2
STN_00022,2025-01-23,12.42,36.13,68.1,6.1,3.36,24.890468634846197,81.89041289040722,305.7
STN_00023,2025-01-24,18.6,39.57,34.9,4.0,9.3,22.278138978290613,79.54436494681211,479.1
STN_00024,2025-01-25,18.88,39.8,30.5,19.3,6.46,18.11999339545198,76.04198885105404,922.0
STN_00025,2025-01-26,20.15,38.57,44.6,45.2,10.93,22.08601213290122,74.0152763979191,817.6
STN_00026,2025-01-27,22.89,29.03,47.3,114.6,7.08,24.331790778623546,80.81167888279663,219.9
STN_00027,2025-01-28,10.43,30.87,46.4,59.8,10.4,23.72075086588935,77.82519078471068,488.5
STN_00028,2025-01-29,22.9,42.56,89.1,67.5,5.12,18.841143613277186,75.74452559086265,479.9
STN_00029,2025-01-30,16.75,37.94,34.2,11.4,3.83,23.207940685247223,73.07191525239246,378.2
STN_00030,2025-01-01,16.01,38.72,31.4,57.5,1.52,22.318057931134405,74.23931642842982,373.2
STN_00031,2025-01-02,20.46,44.34,67.0,3.9,12.9,21.95545585311939,82.25827148165074,830.5
STN_00032,2025-01-03,8.24,27.85,57.3,16.7,9.9,23.4131548154702,81.80927959388289,363.5
STN_00033,2025-01-04,7.72,27.24,38.2,89.6,4.36,23.355658186055116,82.721214998874,689.2
STN_00034,2025-01-05,17.19,31.24,42.5,27.5,0.66,23.453957258785785,76.39766917638818,655.9
STN_00035,2025-01-06,10.95,27.04,67.7,54.0,13.72,20.912616172969617,82.83720775560498,255.2
STN_00036,2025-01-07,5.85,33.29,49.3,61.3,8.41,20.29592087844311,78.23177380081331,470.5
STN_00037,2025-01-08,8.46,35.54,72.0,37.5,5.24,20.52675202924995,79.54014449025708,707.2
STN_00038,2025-01-09,9.7,35.53,69.6,33.5,3.78,21.22249704972327,82.04305607977064,607.8
STN_00039,2025-01-10,7.43,34.28,36.9,49.5,11.29,20.253298769614748,75.06076390247414,894.3
STN_00040,2025-01-11,10.25,39.43,49.7,83.5,5.03,19.162317202728506,81.39225139880705,251.2
STN_00041,2025-01-12,16.75,29.17,36.9,37.5,2.11,19.183138533071862,81.50766668191677,170.0
STN_00042,2025-01-13,17.79,41.62,47.2,112.0,0.14,21.427167388981648,79.32176421552002,944.4
STN_00043,2025-01-14,10.91,42.78,44.5,52.2,0.71,25.158059227180175,75.64411627413652,681.1
STN_00044,2025-01-15,9.25,40.75,33.7,79.2,10.5,20.807158675684367,81.55334746088188,464.8
STN_00045,2025-01-16,23.16,44.03,85.8,40.0,6.28,21.920491474733584,80.53180270391843,408.5
STN_00046,2025-01-17,22.34,44.1,62.3,86.2,5.9,25.683950435649287,76.299258495741,208.0
STN_00047,2025-01-18,15.67,35.65,50.7,113.3,8.9,21.98721512731734,80.90591435369265,383.6
STN_00048,2025-01-19,21.86,38.38,47.3,83.0,2.46,18.175986248407867,74.55652873784632,809.4
STN_00049,2025-01-20,8.54,35.51,81.6,64.5,7.64,23.50461864885047,80.2096506626838,390.6
STN_00050,2025-01-21,12.27,30.61,52.2,81.0,1.74,22.36058906111247,82.95594511872608,731.6
STN_00051,2025-01-22,19.57,44.65,72.1,74.7,11.57,18.399218852784237,79.68242268315643,665.2
STN_00052,2025-01-23,16.5,40.79,67.3,106.9,1.56,26.24067526430602,74.7223147467239,402.3
STN_00053,2025-01-24,11.41,33.07,88.2,62.8,6.94,25.65857529344877,74.44825655553814,946.2
STN_00054,2025-01-25,10.5,34.03,35.7,82.6,11.27,18.852464334782642,79.52095887901635,394.8
STN_00055,2025-01-26,13.91,43.78,87.8,113.3,3.88,18.909598923556906,73.60924968872322,826.6
STN_00056,2025-01-27,10.59,43.5,89.9,92.4,3.23,20.156078726133714,81.46237989976096,200.3
STN_00057,2025-01-28,6.21,32.27,51.8,81.6,1.75,18.040514477277426,75.42475477911293,327.9
STN_00058,2025-01-29,23.71,42.51,94.2,103.0,9.61,19.919656199341784,74.07186217578212,481.4
STN_00059,2025-01-30,22.22,38.09,35.5,17.3,9.0,25.68215980546212,78.98302477415749,721.0
STN_00060,2025-01-01,13.76,34.52,72.9,87.4,2.36,25.75813813611256,82.34563867761094,646.7
STN_00061,2025-01-02,15.05,31.94,54.8,100.7,12.59,22.189673846726734,79.46919652693417,467.9
STN_00062,2025-01-03,10.22,26.29,36.5,83.1,4.78,17.027394253831332,73.24353943309349,301.5
STN_00063,2025-01-04,5.43,34.87,46.6,53.6,0.46,21.97656928402693,73.02285972644118,663.3
STN_00064,2025-01-05,5.07,29.54,77.1,107.9,11.97,19.963156186689993,76.98722260281383,479.9
STN_00065,2025-01-06,5.63,40.5,77.9,89.7,12.45,21.956904268516364,73.18657142721435,330.7
STN_00066,2025-01-07,24.88,39.85,37.3,81.5,13.4,22.498897747531576,73.18427663780032,355.8
STN_00067,2025-01-08,22.04,38.13,56.9,118.1,10.05,21.12097195061703,75.43845161778117,503.9
STN_00068,2025-01-09,21.94,33.19,65.7,107.1,4.97,26.83083460399333,76.74474022128996,170.3
STN_00069,2025-01-10,20.67,41.84,90.7,14.3,2.01,18.582980720669713,73.59009656596191,528.3
STN_00070,2025-01-11,22.5,32.66,39.8,106.7,2.95,19.30115473758139,81.50611081109948,765.0
STN_00071,2025-01-12,6.29,40.76,37.6,2.8,1.13,19.395203587864124,77.06395312483613,803.1
STN_00072,2025-01-13,21.44,39.56,44.4,49.2,7.82,19.613051916255518,78.29096778136191,631.0
STN_00073,2025-01-14,5.19,43.79,54.4,36.7,8.28,24.439901542763465,80.17923565942964,286.5
STN_00074,2025-01-15,7.42,34.41,90.4,16.0,4.67,26.53234716038717,79.57242928175222,556.1
STN_00075,2025-01-16,7.78,26.32,93.1,16.4,0.36,17.32007640681087,75.17824485590667,557.1
STN_00076,2025-01-17,12.39,40.46,46.1,56.2,6.35,20.034618549904902,75.11467370503738,170.8
STN_00077,2025-01-18,11.32,38.33,60.2,4.0,2.49,17.989498728923248,73.56143905788701,315.4
STN_00078,2025-01-19,5.35,32.2,46.9,67.2,8.03,19.146603583328737,77.09120780540073,569.7
STN_00079,2025-01-20,21.43,26.87,54.4,75.1,4.13,25.585342704014344,73.7770056369525,908.5
STN_00080,2025-01-21,12.83,36.68,65.6,97.0,4.78,18.465225879614124,74.85245351661449,593.9
STN_00081,2025-01-22,12.14,27.35,69.4,118.8,7.73,23.63497082385107,76.7745366647358,811.8
STN_00082,2025-01-23,9.31,43.93,66.9,22.1,0.14,18.87273289234939,76.40343977084842,399.2
STN_00083,2025-01-24,18.02,37.76,40.6,39.0,0.63,23.98032542726473,81.1437944393493,157.0
STN_00084,2025-01-25,16.02,43.63,47.6,13.9,9.79,21.161446138433313,77.64647270918513,686.8
STN_00085,2025-01-26,17.64,32.96,63.9,24.1,0.61,23.049605229080957,77.41875542300232,625.8
STN_00086,2025-01-27,16.08,41.75,35.4,7.5,8.48,17.62596239294602,75.60002985368486,264.0
STN_00087,2025-01-28,18.18,38.58,39.5,16.1,0.93,24.669387572594097,73.50825618223121,774.7
STN_00088,2025-01-29,23.27,30.44,82.9,109.4,10.0,26.820950636814512,73.60360892201334,626.3
STN_00089,2025-01-30,21.5,34.42,47.2,11.0,0.95,20.282858246923492,81.34375857979349,827.1
STN_00090,2025-01-01,20.06,39.44,38.8,25.9,3.68,21.755119286010142,81.57012008017114,694.8
STN_00091,2025-01-02,12.73,44.32,61.8,77.7,7.11,22.736322040037827,78.17774373275007,325.6
STN_00092,2025-01-03,7.15,33.96,84.6,20.2,6.8,22.72439161579434,73.22106700398567,424.9
STN_00093,2025-01-04,10.96,44.73,39.3,34.6,11.44,23.295486254549818,81.88679893749283,468.1
STN_00094,2025-01-05,16.74,42.94,55.7,46.9,13.5,24.546085709191757,77.1853560974583,171.4
STN_00095,2025-01-06,20.29,31.83,51.4,13.7,2.26,18.53579597398415,81.01554238920093,669.3
STN_00096,2025-01-07,17.58,35.12,79.4,58.5,10.54,19.832122040380632,73.69550439189571,369.5
STN_00097,2025-01-08,12.12,26.65,76.6,62.5,4.74,24.515841962874262,81.95214060953532,615.4
STN_00098,2025-01-09,21.24,28.28,43.5,12.4,4.89,18.095792346675502,81.36014884412356,484.2
STN_00099,2025-01-10,5.02,43.19,88.4,7.5,0.45,22.625869971613913,81.99039743026572,853.4
STN_00100,2025-01-11,22.91,34.43,65.0,36.7,13.33,25.484786208819866,74.96999661558002,885.3
STN_00101,2025-01-12,9.81,27.3,50.4,83.6,8.4,20.95111642331324,80.13031545993645,172.0
STN_00102,2025-01-13,8.46,44.77,33.8,8.2,3.03,22.05242563255466,73.84729985762657,692.7
STN_00103,2025-01-14,9.49,37.35,30.5,48.8,10.46,23.19127548851948,74.42093806966072,428.4
STN_00104,2025-01-15,17.18,42.94,55.5,106.6,8.82,21.87173664401885,74.99569837641081,862.9
STN_00105,2025-01-16,13.05,27.3,73.2,11.3,2.3,26.876636157655113,77.22225484736727,733.0
STN_00106,2025-01-17,10.11,33.55,67.6,35.0,12.2,24.05335229127259,78.61656656639201,804.7
STN_00107,2025-01-18,8.83,31.27,82.3,38.3,2.21,22.264975532668657,77.63486114320517,712.6
STN_00108,2025-01-19,19.15,36.96,58.0,27.7,1.48,24.002107231385228,73.76241052648065,756.2
STN_00109,2025-01-20,12.73,35.15,77.4,80.2,1.85,19.103924108428338,75.90292929046193,451.7
STN_00110,2025-01-21,21.38,42.93,69.3,60.2,9.8,21.432328936856702,75.91416129375668,638.3
STN_00111,2025-01-22,15.24,33.06,74.2,115.9,13.64,21.882611889034195,79.38484173412665,551.0
STN_00112,2025-01-23,11.23,32.16,31.8,89.3,12.98,20.073019954470496,77.3297324253328,800.5
STN_00113,2025-01-24,24.76,29.63,86.0,79.1,0.99,24.960127343461306,81.02878189648027,388.6
STN_00114,2025-01-25,7.37,40.38,81.5,69.0,3.52,22.84573238186165,80.46285679448101,507.9
STN_00115,2025-01-26,15.51,35.22,39.0,31.5,9.41,23.25469596845358,79.21501373760368,569.5
STN_00116,2025-01-27,7.87,34.0,62.5,18.8,13.16,20.47999271148116,77.34111979072831,409.5
STN_00117,2025-01-28,18.66,35.91,52.5,107.1,4.77,20.465438667156462,73.0649833644242,297.1
STN_00118,2025-01-29,12.51,28.63,48.7,13.7,9.04,18.42369016717201,75.16841471213108,160.1
STN_00119,2025-01-30,7.86,26.99,37.2,93.5,9.82,24.397827000482348,79.01726562523788,285.6
STN_00120,2025-01-01,19.3,42.37,47.4,88.5,5.7,21.82384100881807,82.20406702382584,223.1
STN_00121,2025-01-02,8.48,42.03,59.0,34.3,1.89,25.90376171954956,75.88766959643281,629.5
STN_00122,2025-01-03,19.58,38.84,69.6,75.6,1.55,21.723866701770636,75.94571697296603,553.6
STN_00123,2025-01-04,21.86,26.88,84.6,29.0,10.9,18.059849806589206,82.37645880847859,297.9
STN_00124,2025-01-05,13.54,42.12,73.8,102.7,4.52,21.755831493129698,81.51947322562134,350.3
STN_00125,2025-01-06,11.64,32.05,74.3,102.7,9.78,24.917888571145358,79.59198395019196,155.6
STN_00126,2025-01-07,11.98,32.12,72.0,25.8,13.42,21.50486708931811,79.958043980705,760.4
STN_00127,2025-01-08,13.01,36.98,92.1,17.2,7.35,23.97143164685395,81.72870373840973,756.4
STN_00128,2025-01-09,15.8,26.96,48.9,98.2,7.96,17.608656259213674,78.25690366198695,483.4
STN_00129,2025-01-10,20.74,33.89,76.6,52.7,5.44,17.752354843888682,74.97004640991591,190.0
STN_00130,2025-01-11,19.03,40.33,60.5,89.2,8.26,22.0776056744643,76.71425791231015,428.5
STN_00131,2025-01-12,24.58,28.49,69.1,69.4,11.51,21.64696787003576,74.25448524854976,204.6
STN_00132,2025-01-13,14.64,30.18,92.1,23.0,7.91,22.039506523970786,80.04295470741543,529.9
STN_00133,2025-01-14,23.46,28.78,61.7,35.0,8.99,24.35562893786403,75.48209246599043,214.2
STN_00134,2025-01-15,19.66,29.83,71.2,77.8,6.55,24.897235884667026,81.56611340925022,769.0
STN_00135,2025-01-16,12.18,43.21,68.4,53.6,0.05,24.61490885900926,74.3817626894638,598.8
STN_00136,2025-01-17,23.47,35.22,94.4,111.9,1.51,25.71564729585476,77.60148005297721,930.9
STN_00137,2025-01-18,8.73,26.76,33.7,43.0,1.23,18.43363987296178,80.0264391463281,154.3
STN_00138,2025-01-19,8.07,39.07,63.6,62.6,5.42,26.4546900853438,77.33799101298601,284.2
STN_00139,2025-01-20,7.72,38.68,86.2,80.8,11.02,23.509751560734625,82.65802615193581,440.2
STN_00140,2025-01-21,22.01,34.89,78.5,111.2,2.41,22.733031152442912,79.69454567709387,336.8
STN_00141,2025-01-22,17.77,30.2,55.1,41.3,8.58,21.989428602521954,77.43043776477461,941.8
STN_00142,2025-01-23,9.2,32.46,35.9,39.9,0.84,17.370076124371458,79.9375471573559,154.0
STN_00143,2025-01-24,5.44,27.78,85.3,90.6,10.15,21.284563581085997,81.43914710058432,767.6
STN_00144,2025-01-25,13.65,40.66,93.7,63.6,9.76,23.018805753535347,74.79672334101362,266.9
STN_00145,2025-01-26,9.55,40.52,52.1,60.5,11.78,21.97227146284154,77.81774607076065,642.7
STN_00146,2025-01-27,20.72,40.71,46.8,72.4,10.31,22.63648643265481,77.51565705588511,650.9
STN_00147,2025-01-28,18.36,31.44,79.3,56.5,14.0,23.49418364108698,76.90200112173149,682.8
STN_00148,2025-01-29,11.78,27.06,51.8,66.8,0.19,19.39167172608149,80.37565071339259,284.1
STN_00149,2025-01-30,7.49,26.98,89.4,100.1,8.43,18.287118445131377,82.8481892143517,866.1
STN_00150,2025-01-01,10.99,33.55,44.4,64.0,6.76,17.31803640323063,75.54165030382747,744.6
STN_00151,2025-01-02,14.35,43.67,90.0,8.3,7.96,24.254667252901665,81.96806950377965,241.3
STN_00152,2025-01-03,7.1,28.25,53.8,75.8,11.92,24.64448561568169,74.8502383899442,168.0
STN_00153,2025-01-04,8.33,35.81,87.8,40.5,6.17,22.093721292900035,74.19776030121834,187.1
STN_00154,2025-01-05,20.31,30.79,48.5,43.5,12.26,19.194119858236693,82.18692657652402,387.1
STN_00155,2025-01-06,15.42,39.53,88.1,44.2,13.99,19.460088171358077,78.94122656933716,677.7
STN_00156,2025-01-07,23.93,40.37,89.1,103.1,3.07,25.55632581408531,74.14535954890148,247.8
STN_00157,2025-01-08,5.9,27.79,41.6,84.7,11.32,21.248389674760194,76.8153465774003,282.5
STN_00158,2025-01-09,15.6,37.9,71.4,86.7,2.27,17.72330200063228,80.97099368136239,930.9
STN_00159,2025-01-10,24.14,41.06,46.4,104.4,1.53,19.313507209859395,82.52180581611425,547.0
STN_00160,2025-01-11,14.87,39.64,66.4,103.2,11.14,18.56347103513483,77.53605902962974,897.9
STN_00161,2025-01-12,21.6,33.14,37.3,104.1,1.69,19.542779739538993,75.55302334364893,758.6
STN_00162,2025-01-13,13.88,35.82,62.2,88.9,9.56,18.325135182151783,80.26439831074067,364.2
STN_00163,2025-01-14,7.89,32.65,62.4,95.9,10.03,23.732756855381922,75.92714765761025,506.8
STN_00164,2025-01-15,10.7,40.22,35.9,12.4,13.22,24.49912813525823,75.91321873486277,553.1
STN_00165,2025-01-16,22.51,27.37,59.5,70.2,9.7,17.776889861474324,82.99278490691296,598.3
STN_00166,2025-01-17,16.32,44.72,42.5,119.8,11.61,23.00685790685968,79.38431789217864,667.6
STN_00167,2025-01-18,20.4,27.57,51.3,44.1,9.08,24.60054337650663,74.65666813513388,798.5
STN_00168,2025-01-19,22.8,44.11,43.8,51.8,2.03,17.688508950237004,74.45019671100474,662.1
STN_00169,2025-01-20,9.96,26.75,31.2,70.9,11.65,22.51478722464932,79.80992311412324,910.5
STN_00170,2025-01-21,14.98,30.0,65.8,16.9,1.74,26.355944594139515,80.00535412995923,898.6
STN_00171,2025-01-22,10.24,35.37,57.2,24.7,11.6,23.029731892930787,81.9462845043549,653.2
STN_00172,2025-01-23,18.51,37.87,82.3,95.8,9.13,23.763413885445125,74.88140476232857,252.6
STN_00173,2025-01-24,15.23,30.87,40.6,54.7,4.2,22.80039600126156,80.98286971858741,680.1
STN_00174,2025-01-25,5.11,30.99,73.0,25.5,13.07,22.502256157929097,76.92083875191196,416.1
STN_00175,2025-01-26,20.59,42.94,94.8,69.9,12.34,19.643453458898215,80.89042366430536,603.7
STN_00176,2025-01-27,14.01,31.62,88.7,13.1,3.07,20.64630440017272,80.86234020877156,714.8
STN_00177,2025-01-28,9.2,31.88,77.9,1.1,10.44,22.868765765367748,79.00864466605732,343.5
STN_00178,2025-01-29,17.0,28.38,71.0,50.6,9.7,21.0205349612836,76.21696594050476,737.6
STN_00179,2025-01-30,11.66,32.11,92.9,42.3,5.99,22.76929502588692,80.08458806659816,492.6
STN_00180,2025-01-01,12.92,29.33,44.8,101.8,5.58,21.977003762594798,75.87731687122452,351.1
STN_00181,2025-01-02,19.85,42.38,85.3,63.0,1.58,18.719701572708324,74.11078260337395,490.2
STN_00182,2025-01-03,5.67,26.95,49.9,73.2,5.34,23.81577982319542,75.64007057446759,317.9
STN_00183,2025-01-04,12.0,34.16,56.2,105.7,0.81,17.107507820668964,75.67520036138814,685.8
STN_00184,2025-01-05,6.22,36.96,64.5,64.8,7.8,17.46747844748776,82.45091345824484,306.3
STN_00185,2025-01-06,8.16,39.35,34.3,108.2,12.1,20.347843944066685,74.34280954593939,378.9
STN_00186,2025-01-07,17.27,31.5,94.8,119.8,8.45,20.63887035501709,74.07751083538516,472.4
STN_00187,2025-01-08,7.92,33.98,70.5,101.7,10.47,21.6078484511616,74.51122734216833,616.0
STN_00188,2025-01-09,5.9,35.38,74.2,25.6,6.51,25.38962277282043,81.39636642686969,494.3
STN_00189,2025-01-10,22.8,40.14,93.0,96.7,4.29,25.12001579343068,81.36910773492004,315.9
STN_00190,2025-01-11,10.7,40.83,37.4,44.9,10.93,20.57444861039354,81.41826199523396,591.6
STN_00191,2025-01-12,21.91,39.1,83.7,55.7,5.03,26.768484842950905,74.1730134218718,826.3
STN_00192,2025-01-13,17.24,36.51,66.8,108.4,10.47,23.656174794583585,74.05184067302922,939.9
STN_00193,2025-01-14,7.65,32.54,91.5,91.7,7.32,22.45236181214701,73.75157992614876,827.1
STN_00194,2025-01-15,24.91,33.45,63.4,85.6,12.49,18.129991037697042,73.59591938460346,192.3
STN_00195,2025-01-16,16.78,27.72,83.4,2.6,1.76,21.559981679272777,79.52085290943432,784.0
STN_00196,2025-01-17,17.86,42.52,56.9,43.3,1.51,24.808160770985737,82.76381458220088,746.1
STN_00197,2025-01-18,7.69,36.55,50.2,3.7,12.12,17.378559438815117,81.79318095765302,160.5
STN_00198,2025-01-19,15.23,38.81,52.4,10.5,3.1,26.754372098126126,77.6318271241289,691.9
STN_00199,2025-01-20,21.62,34.35,59.1,82.9,4.55,22.865534115413926,82.97915543261657,761.1
STN_00200,2025-01-21,17.77,44.02,56.0,40.6,9.84,17.36076233038088,73.84787761893921,164.3
STN_00201,2025-01-22,24.25,39.14,83.8,83.0,12.73,18.928512553350213,77.53941788920756,513.0
STN_00202,2025-01-23,16.72,28.34,34.2,12.8,4.4,17.615083434656423,74.9117044784095,156.4
STN_00203,2025-01-24,14.93,44.57,32.2,106.9,0.59,17.449977649692528,82.23837263707509,804.6
STN_00204,2025-01-25,12.15,35.1,93.8,17.3,8.63,22.81800359897894,78.25874421273424,813.6
STN_00205,2025-01-26,19.21,42.73,74.8,106.2,9.01,25.354320776638062,76.98524552351554,920.4
STN_00206,2025-01-27,7.32,28.68,59.9,42.0,10.6,21.281504535558,75.45680442847895,792.9
STN_00207,2025-01-28,22.4,39.91,66.9,31.1,9.0,20.75442089797158,73.63515427975861,743.5
STN_00208,2025-01-29,13.43,32.67,65.4,68.5,2.53,25.293334690688727,73.19805869302311,544.1
STN_00209,2025-01-30,20.31,39.55,35.4,14.2,5.11,25.947171685344678,80.73207384664819,622.7
STN_00210,2025-01-01,23.55,35.44,45.5,60.5,5.81,24.46725145596331,76.35036544542628,347.6
STN_00211,2025-01-02,7.93,31.85,67.8,88.9,10.01,21.567317586821357,75.92522178038847,789.6
STN_00212,2025-01-03,20.62,26.82,86.4,111.2,13.62,21.57634972249532,74.33591116390915,565.1
STN_00213,2025-01-04,14.31,35.35,69.3,109.8,3.57,24.499442559752737,74.60156700005656,318.2
STN_00214,2025-01-05,12.27,29.74,89.7,77.4,12.88,24.936298645696795,78.52431670619902,218.9
STN_00215,2025-01-06,20.89,34.07,55.1,9.5,10.61,20.172631939604425,81.68903491619938,867.2
STN_00216,2025-01-07,16.89,27.56,73.1,54.8,2.83,23.256910133225844,75.17389286612476,643.9
STN_00217,2025-01-08,11.36,27.7,44.8,43.6,0.48,25.946976813720962,73.49403117817037,661.8
STN_00218,2025-01-09,16.39,28.73,79.0,93.1,12.4,23.83285275492461,79.9695489300624,790.6
STN_00219,2025-01-10,5.19,27.09,53.0,105.3,9.52,22.525039803168088,74.12670042713356,504.8
STN_00220,2025-01-11,16.42,28.03,76.0,104.6,9.79,23.572694519778246,79.27377979164874,815.5
STN_00221,2025-01-12,10.48,41.69,55.3,51.4,2.63,25.974407694708617,73.80248173876322,882.1
STN_00222,2025-01-13,11.93,33.2,92.8,79.8,0.19,17.0216818137862,82.3899110694224,466.0
STN_00223,2025-01-14,8.0,37.23,76.8,79.1,4.57,21.65492945269766,77.10303126858217,211.7
STN_00224,2025-01-15,21.1,35.8,76.2,83.6,6.81,21.192498094961117,79.13879648246281,150.0
STN_00225,2025-01-16,5.2,26.72,50.3,72.3,13.55,20.960952889711553,78.15085634752404,678.2
STN_00226,2025-01-17,14.98,28.01,58.6,64.0,3.2,17.458006625920984,75.47108727889766,201.2
STN_00227,2025-01-18,18.53,35.63,34.6,68.3,10.28,19.57969972008241,76.26577253230688,748.2
STN_00228,2025-01-19,18.32,36.78,31.7,45.1,8.32,20.452990946413287,76.78705440824639,453.9
STN_00229,2025-01-20,22.42,31.98,76.4,0.0,13.38,17.607419813375753,82.57590858037028,246.1
STN_00230,2025-01-21,15.8,38.68,62.2,29.7,3.06,17.547264155554807,75.2014240965305,591.8
STN_00231,2025-01-22,12.69,33.49,92.4,81.2,5.19,21.522158442979418,73.5975539793185,185.9
STN_00232,2025-01-23,11.85,33.81,69.6,117.7,11.41,22.956922020703814,74.89379633393085,368.2
STN_00233,2025-01-24,15.81,26.24,38.6,22.4,10.12,23.9504766745326,78.57939570041901,192.3
STN_00234,2025-01-25,13.42,26.63,72.2,88.9,10.85,23.739912856857984,73.82177939959354,484.7
STN_00235,2025-01-26,16.34,43.79,72.1,89.4,8.32,23.758571528771323,74.06164568847217,702.7
STN_00236,2025-01-27,5.76,40.98,82.9,77.6,4.27,22.083783183109865,76.35128600910913,334.6
STN_00237,2025-01-28,24.43,43.89,80.1,24.2,11.57,23.58481308089931,78.26521097301024,371.3
STN_00238,2025-01-29,19.64,36.36,40.8,77.9,10.47,17.302977512001966,82.33552631783851,331.5
STN_00239,2025-01-30,10.57,36.09,86.8,79.8,5.61,18.917638588608217,73.61280192174864,879.3
STN_00240,2025-01-01,8.71,41.45,32.1,28.2,8.89,24.749552370087322,77.44573310851548,567.1
STN_00241,2025-01-02,21.0,28.96,38.7,55.0,10.31,21.431190431904813,76.23420569845031,706.7
STN_00242,2025-01-03,18.26,35.92,71.2,106.2,11.63,18.469061703313045,74.39144440682979,313.1
STN_00243,2025-01-04,21.15,26.37,58.4,37.9,8.18,19.732341447334967,75.94983865082196,352.7
STN_00244,2025-01-05,20.92,38.86,74.1,109.7,1.16,18.159980349960716,73.08149003773863,162.7
STN_00245,2025-01-06,9.99,37.29,90.2,92.1,1.11,26.074363764174358,76.08786089789588,225.3
STN_00246,2025-01-07,8.73,26.92,35.7,15.2,8.1,21.87429146073315,81.56125113301631,455.1
STN_00247,2025-01-08,20.75,42.19,72.4,9.1,4.06,23.12650339711711,73.76342843050801,212.2
STN_00248,2025-01-09,9.43,37.18,43.2,85.9,6.33,23.349545575329916,79.8989640964955,532.9
STN_00249,2025-01-10,24.15,30.45,94.7,74.4,10.93,25.515317765675448,77.55991796834242,656.2
STN_00250,2025-01-11,21.39,32.82,62.9,20.4,3.06,18.406861775762287,75.83784008312725,366.8
STN_00251,2025-01-12,20.99,33.28,34.0,78.0,11.13,24.133089977037656,79.8963913980204,676.2
STN_00252,2025-01-13,17.86,38.24,93.7,77.7,3.15,20.837347918340416,75.35584599493168,659.7
STN_00253,2025-01-14,13.09,35.36,43.6,43.0,3.05,25.419837183427006,81.98864292411122,857.5
STN_00254,2025-01-15,12.41,44.68,77.1,110.2,11.7,17.978000010775077,79.70344943837814,554.1
STN_00255,2025-01-16,8.59,34.74,79.2,118.1,10.22,19.349339003567053,76.35997688684571,536.5
STN_00256,2025-01-17,13.95,33.66,86.1,72.4,1.87,25.30700124444337,82.47609006559442,569.6
STN_00257,2025-01-18,23.95,28.19,88.3,40.3,11.52,23.67046421638793,79.72826149055095,488.5
STN_00258,2025-01-19,20.99,31.72,75.7,28.6,0.54,23.061132327271032,76.60953476985635,231.6
STN_00259,2025-01-20,13.02,38.69,50.1,50.6,10.18,23.13658302299112,82.52647224807383,839.7
STN_00260,2025-01-21,19.56,29.86,44.9,44.5,4.1,23.75929450092962,74.90497703073241,383.8
STN_00261,2025-01-22,16.56,42.86,52.9,115.6,10.92,18.20822431211217,79.36296487024373,276.0
STN_00262,2025-01-23,8.77,36.05,76.1,65.6,10.52,21.467412716646912,80.12857637879496,364.0
STN_00263,2025-01-24,10.17,32.39,65.4,77.5,3.62,24.4984616444312,80.42681587055544,521.4
STN_00264,2025-01-25,14.36,37.49,37.4,76.2,11.44,20.365368255367294,77.82963910577385,552.6
STN_00265,2025-01-26,20.76,37.44,36.4,77.4,8.66,22.121617293486413,76.09989082318073,614.5
STN_00266,2025-01-27,15.21,36.63,31.0,7.7,12.83,21.079921735197672,73.0681505111693,251.3
STN_00267,2025-01-28,23.62,32.44,53.4,105.7,13.17,20.41802920438236,73.34501124413961,543.2
STN_00268,2025-01-29,18.23,30.98,47.0,30.6,3.97,23.525559271374075,79.21342042568324,427.9
STN_00269,2025-01-30,22.0,27.5,45.3,48.7,10.17,24.54672082219163,81.49057959605325,291.8
STN_00270,2025-01-01,23.65,35.06,82.5,77.4,10.55,26.64805693557505,75.16499271643683,658.5
STN_00271,2025-01-02,21.14,26.47,93.0,55.3,12.06,21.67804944455804,75.6130130900668,235.6
STN_00272,2025-01-03,10.73,32.5,40.5,78.8,9.76,19.152556442714854,82.56730780813763,422.5
STN_00273,2025-01-04,23.29,33.78,85.9,99.6,13.7,21.030492640979453,75.59933542040679,194.8
STN_00274,2025-01-05,21.85,28.67,83.9,34.1,11.45,18.314544912413503,82.63818340033764,787.6
STN_00275,2025-01-06,7.93,39.34,63.1,68.1,6.03,19.92006873942656,75.13478060740255,692.3
STN_00276,2025-01-07,14.7,40.72,81.6,67.8,9.48,24.52647223482828,81.94450660405741,919.3
STN_00277,2025-01-08,19.07,38.32,70.7,31.6,11.78,20.721449956194977,82.05058660677939,762.1
STN_00278,2025-01-09,18.28,36.07,49.1,26.2,13.29,23.172765248447746,82.82032779644895,167.6
STN_00279,2025-01-10,12.59,26.56,60.1,95.9,5.52,25.954803193921528,82.67821437910237,260.5
STN_00280,2025-01-11,19.17,44.34,80.0,68.8,8.45,19.267316090253765,73.92386879761496,272.9
STN_00281,2025-01-12,5.2,28.02,62.5,8.6,8.71,21.407688765450914,76.51308248213014,860.3
STN_00282,2025-01-13,7.51,34.23,67.2,72.7,8.82,26.451699979892613,77.22860561020666,913.8
STN_00283,2025-01-14,6.79,41.91,57.8,5.5,3.43,19.9476280425958,74.8748280045934,897.2
STN_00284,2025-01-15,8.25,34.37,61.6,27.8,7.5,19.46813960393573,76.58814969604909,620.1
STN_00285,2025-01-16,5.84,37.07,43.5,87.5,12.08,21.736166122795066,73.78491448670195,437.6
STN_00286,2025-01-17,5.06,27.95,65.3,75.3,13.01,25.445149186398595,82.7279463223007,258.7
STN_00287,2025-01-18,24.69,31.31,61.3,58.4,13.46,17.570903006889072,79.9976788000852,239.3
STN_00288,2025-01-19,20.53,29.64,78.5,36.8,11.69,24.15503967983868,79.26880784402368,375.0
STN_00289,2025-01-20,10.46,36.16,71.3,112.0,5.47,21.392143786652646,77.4010070451601,853.6
STN_00290,2025-01-21,11.89,26.98,42.2,1.9,5.79,23.340009509390793,82.94325600632115,803.6
STN_00291,2025-01-22,8.38,27.74,40.1,12.9,9.24,23.54379452519465,77.52104391283088,325.3
STN_00292,2025-01-23,5.51,38.96,73.0,99.7,1.41,21.62065450289439,76.30080325731525,187.5
STN_00293,2025-01-24,11.26,43.25,64.9,92.7,7.21,18.256491983044583,73.84214120947472,355.2
STN_00294,2025-01-25,13.47,31.0,79.4,3.4,9.47,26.882648821666457,78.8556847838415,356.5
STN_00295,2025-01-26,24.77,30.82,41.9,113.5,5.87,26.691542543991407,78.0723293017121,823.6
STN_00296,2025-01-27,8.78,41.5,40.3,59.4,9.35,26.45611113558041,76.47451724951685,904.0
STN_00297,2025-01-28,13.97,28.12,63.7,113.9,1.19,23.368698586011625,81.41290724591744,730.2
STN_00298,2025-01-29,12.63,38.08,71.4,117.5,2.3,19.210630050490778,79.96834278473199,736.3
STN_00299,2025-01-30,10.04,26.98,37.9,81.6,7.86,25.105257233870965,77.56291383489992,732.2
STN_00300,2025-01-01,6.96,29.63,70.7,58.8,5.62,25.93024267019257,79.63539622046002,513.4
STN_00301,2025-01-02,23.06,26.14,38.3,60.4,2.04,17.48102538882031,79.04221666703889,423.8
STN_00302,2025-01-03,21.68,41.12,65.2,47.6,2.06,18.74103483753918,80.1182961442474,584.3
STN_00303,2025-01-04,13.0,40.29,47.0,86.0,5.59,23.57520638817336,78.56608036058027,793.1
STN_00304,2025-01-05,5.24,32.99,53.1,13.1,1.07,21.520886110559186,77.44371188057407,405.2
STN_00305,2025-01-06,23.27,41.87,43.8,55.9,3.14,18.6922755442559,76.87659421696794,638.4
STN_00306,2025-01-07,17.71,44.2,34.1,7.8,4.91,17.665753192308742,76.54730958445747,903.2
STN_00307,2025-01-08,17.63,35.87,59.1,31.3,2.79,23.53780182084132,77.04681928443404,911.8
STN_00308,2025-01-09,8.9,44.99,41.0,80.2,6.15,18.787647019638438,75.75626271973553,660.0
STN_00309,2025-01-10,21.16,40.01,82.6,43.5,7.27,19.245857556416677,76.63878594071494,424.3
STN_00310,2025-01-11,6.24,29.96,90.6,10.7,5.81,21.978410030096104,78.55987228135537,227.2
STN_00311,2025-01-12,9.17,35.6,51.3,12.3,5.25,22.023897821068445,76.86974141803026,325.9
STN_00312,2025-01-13,21.3,37.28,56.4,112.9,8.69,23.582693085989174,74.47544528771363,438.1
STN_00313,2025-01-14,7.94,33.6,42.6,10.6,5.91,17.336780785117746,77.63276198497252,642.3
STN_00314,2025-01-15,14.21,41.36,92.6,97.2,4.96,25.19859149865651,78.95976086531833,214.5
STN_00315,2025-01-16,21.3,31.64,48.1,24.2,7.95,20.751105137400334,73.07107564993778,823.9
STN_00316,2025-01-17,21.73,34.83,47.2,59.0,0.18,21.748254934699148,78.08541266039421,781.1
STN_00317,2025-01-18,11.98,42.03,41.1,21.6,7.32,20.94497173859443,79.45001580371347,668.9
STN_00318,2025-01-19,16.49,37.02,81.2,116.8,12.1,20.678534427394105,74.13019094612888,462.4
STN_00319,2025-01-20,8.02,33.58,87.6,63.9,8.34,17.006032301960982,75.04943587547368,415.8
STN_00320,2025-01-21,8.05,38.59,37.1,95.3,1.36,26.20526358907513,77.52611121553008,808.7
STN_00321,2025-01-22,11.45,32.51,69.2,70.5,8.95,21.845038086771616,75.7868797124822,497.2
STN_00322,2025-01-23,23.54,41.67,86.6,70.2,9.13,25.18203155354456,74.40818405772016,245.9
STN_00323,2025-01-24,18.29,40.06,72.3,53.5,13.88,18.101788323020795,80.36419766077076,548.9
STN_00324,2025-01-25,13.01,42.55,64.0,91.4,10.1,17.664494987308444,75.57797220107156,267.5
STN_00325,2025-01-26,5.08,27.92,45.6,65.8,2.86,22.964409629804276,78.30857658513844,483.6
STN_00326,2025-01-27,16.23,31.5,58.4,44.5,2.68,21.50945440158175,80.97582680621757,478.5
STN_00327,2025-01-28,13.33,27.67,58.2,22.4,8.59,26.032696539462677,79.07060138473618,801.1
STN_00328,2025-01-29,7.69,44.54,88.5,100.4,0.72,20.97666350516929,81.13198395189242,241.9
STN_00329,2025-01-30,20.61,28.76,60.2,61.0,11.25,19.052864040891972,80.44722946083101,675.9
STN_00330,2025-01-01,12.38,43.91,70.7,59.0,7.54,18.067622582202098,79.75026570840944,378.8
STN_00331,2025-01-02,16.76,29.86,56.8,4.1,7.93,21.358734609182765,74.11461852417968,760.7
STN_00332,2025-01-03,11.93,44.14,41.8,34.8,1.5,19.622360992623904,74.73805503923607,275.9
STN_00333,2025-01-04,21.23,33.94,36.6,106.9,7.75,20.045615727478086,82.56343567782119,699.7
STN_00334,2025-01-05,7.98,44.03,44.4,106.1,3.78,17.62298558793633,75.70933191509383,654.6
STN_00335,2025-01-06,5.31,33.8,47.3,7.2,4.56,19.971056920245015,80.60598356086103,160.0
STN_00336,2025-01-07,19.92,35.69,66.0,45.0,3.91,17.230096466935972,77.94559224950576,662.0
STN_00337,2025-01-08,18.28,43.93,66.7,81.8,5.48,23.63756290655901,76.84301660538695,932.8
STN_00338,2025-01-09,21.98,29.62,34.8,3.4,10.54,20.154415978976374,80.33027830104464,816.4
STN_00339,2025-01-10,17.05,27.58,84.7,36.2,11.82,21.25640793770453,74.80537663139364,617.0
STN_00340,2025-01-11,16.2,38.44,44.4,63.6,7.91,17.574185319244318,81.41868609103092,221.1
STN_00341,2025-01-12,21.74,27.63,87.0,60.7,7.98,25.405390957877014,82.01994791626821,697.5
STN_00342,2025-01-13,9.53,32.21,39.5,96.0,8.02,18.00312250214223,81.47276150107278,828.0
STN_00343,2025-01-14,7.49,44.02,42.3,15.7,1.82,18.08129976953107,75.20082583393325,554.7
STN_00344,2025-01-15,22.72,31.18,62.9,88.3,2.31,23.365803728179245,81.04925488047745,479.3
STN_00345,2025-01-16,23.05,31.99,47.9,59.2,6.15,18.261806708723864,76.1203018265926,291.8
STN_00346,2025-01-17,15.9,28.66,92.1,93.1,0.66,23.955985735711756,74.19449261407271,347.5
STN_00347,2025-01-18,8.8,26.93,88.1,2.4,3.61,24.79076429372625,80.4984444337253,687.6
STN_00348,2025-01-19,5.7,42.89,70.8,75.9,1.66,19.968013551959693,80.63739145679457,207.7
STN_00349,2025-01-20,14.67,27.55,89.0,110.4,8.94,19.243176601398755,77.10158429602784,408.3
STN_00350,2025-01-21,10.39,26.69,38.5,82.7,2.68,22.942218190420657,82.49522001628164,533.5
STN_00351,2025-01-22,21.75,26.86,89.2,91.7,2.62,24.683672634289614,77.03923860317674,535.6
STN_00352,2025-01-23,9.01,36.84,37.3,38.6,5.65,24.618770265726987,73.76516316852378,197.2
STN_00353,2025-01-24,16.0,26.92,41.2,6.7,4.32,17.05325292849687,82.24320695005149,606.9
STN_00354,2025-01-25,20.55,36.21,64.4,112.1,12.16,17.696373580827775,80.08759075785503,476.6
STN_00355,2025-01-26,16.73,26.19,84.2,98.2,13.34,20.817768995375996,73.14602305173435,738.5
STN_00356,2025-01-27,20.24,35.95,89.3,20.1,13.18,17.713071054725344,75.32787306005301,867.5
STN_00357,2025-01-28,19.13,37.59,85.9,21.5,4.83,25.686316052926923,77.2134247116483,569.5
STN_00358,2025-01-29,24.21,29.75,61.1,66.4,10.62,17.443780521149364,81.69052387174675,756.0
STN_00359,2025-01-30,8.96,39.55,67.8,100.0,10.45,21.89601008623648,81.57387952773068,281.9
STN_00360,2025-01-01,21.42,42.93,38.6,37.8,2.3,25.06729857192741,76.62070576855857,318.2
STN_00361,2025-01-02,22.03,41.06,41.9,13.2,7.04,21.430985981962937,80.38121376827559,664.0
STN_00362,2025-01-03,22.84,39.01,30.3,35.4,7.97,25.667990790730663,77.25234221566794,271.7
STN_00363,2025-01-04,20.17,38.89,42.6,96.6,12.15,24.031508073613487,82.41770545632832,866.7
STN_00364,2025-01-05,16.58,35.72,56.2,96.0,13.6,20.126209140437798,75.6395852876285,351.7
STN_00365,2025-01-06,13.55,28.72,55.5,23.9,6.79,26.52905953653775,78.31924141833333,649.7
STN_00366,2025-01-07,7.92,29.64,36.6,2.4,10.01,17.633281459086856,78.79288359147648,275.3
STN_00367,2025-01-08,8.42,42.0,38.5,114.7,4.11,21.464545221244876,73.51538698922259,246.3
STN_00368,2025-01-09,11.14,44.54,44.6,66.7,11.58,20.771089351336254,77.99822871774249,562.8
STN_00369,2025-01-10,11.79,37.2,89.9,3.3,0.37,25.013654485481222,77.504621535691,566.9
STN_00370,2025-01-11,14.78,33.41,41.9,5.7,1.03,19.638720685856253,78.96655742892453,755.3
STN_00371,2025-01-12,7.37,26.06,77.4,32.2,6.26,21.343040867274226,81.30885764367255,433.9
STN_00372,2025-01-13,20.83,26.12,79.5,28.9,13.35,18.70873252356959,82.21535745065063,878.3
STN_00373,2025-01-14,14.46,32.98,79.5,119.6,9.83,25.648476866635914,80.64998410257051,288.3
STN_00374,2025-01-15,16.95,33.95,31.7,70.5,3.7,20.738468900193777,82.61466387819918,225.3
STN_00375,2025-01-16,14.17,40.5,53.1,11.3,13.3,24.865494195741793,80.85264466971212,402.2
STN_00376,2025-01-17,14.73,44.0,78.9,50.1,9.74,20.040917266071805,73.82807640726959,594.2
STN_00377,2025-01-18,22.17,32.33,66.6,72.9,4.66,20.445091869914016,81.48657201261602,183.5
STN_00378,2025-01-19,24.58,44.37,35.0,53.1,9.11,22.96543170616983,76.92902580387067,341.1
STN_00379,2025-01-20,16.04,42.35,43.4,107.2,5.49,21.72776809576291,80.55127789987311,289.3
STN_00380,2025-01-21,23.64,38.18,93.9,87.1,10.13,26.78830287600583,74.75648991825763,642.6
STN_00381,2025-01-22,8.58,26.05,36.9,8.2,2.32,17.125658594528986,76.17427641304096,572.5
STN_00382,2025-01-23,13.96,31.42,83.6,31.2,9.33,23.575933670398058,82.64825955551544,787.7
STN_00383,2025-01-24,6.16,31.01,54.7,4.0,1.42,23.941269077482247,82.8998531321766,607.9
STN_00384,2025-01-25,18.82,43.44,64.2,104.6,13.19,21.000190688426912,81.92600178688345,331.0
STN_00385,2025-01-26,22.93,28.73,86.2,5.9,4.58,19.967283706984524,79.71354147911666,923.1
STN_00386,2025-01-27,9.47,32.25,90.4,26.9,5.27,19.688364639278067,78.70455459517532,657.7
STN_00387,2025-01-28,12.04,26.69,76.6,21.9,13.11,23.890050839523216,77.45599577235734,856.1
STN_00388,2025-01-29,23.45,28.36,36.3,82.5,5.04,17.472701816787474,80.14566190485752,863.5
STN_00389,2025-01-30,11.54,35.43,37.1,83.6,13.19,18.256117111191678,77.27569018673836,470.8
STN_00390,2025-01-01,8.88,26.75,68.2,62.8,13.18,18.202352072070198,75.4077219552239,247.8
STN_00391,2025-01-02,8.08,30.24,70.8,53.0,10.39,17.648590501020706,75.20562119183688,535.5
STN_00392,2025-01-03,18.33,38.54,83.6,43.0,9.71,19.293542784289304,78.89499099243908,649.6
STN_00393,2025-01-04,17.33,38.01,61.4,33.2,2.16,24.429965083953405,76.20220272041472,738.6
STN_00394,2025-01-05,7.28,44.51,43.9,52.6,10.93,24.824129089614736,80.85872718661103,218.6
STN_00395,2025-01-06,15.81,30.07,41.9,72.8,0.82,18.13632972774176,81.34373097251193,257.0
STN_00396,2025-01-07,20.31,28.49,52.2,9.1,7.6,24.528981984610347,78.89757669603014,727.6
STN_00397,2025-01-08,18.38,37.7,35.8,19.5,9.36,22.8570970485454,74.28570031974793,510.2
STN_00398,2025-01-09,10.85,35.29,83.8,14.2,13.33,22.31582220723493,73.03133171630242,867.3
STN_00399,2025-01-10,12.61,36.41,79.4,26.0,6.78,26.86686746384278,74.06973847983457,247.2
STN_00400,2025-01-11,20.23,34.77,87.3,73.9,8.65,19.63164198050397,80.74227930209074,529.1
STN_00401,2025-01-12,24.45,41.65,32.4,21.3,0.29,19.739589722491473,80.41284179545781,791.0
STN_00402,2025-01-13,7.66,41.11,64.7,4.1,5.08,17.233695988870164,79.01156225299607,423.9
STN_00403,2025-01-14,8.47,37.67,75.8,75.2,12.48,24.258184343953154,79.01513611675472,359.7
STN_00404,2025-01-15,14.74,29.94,83.1,26.7,12.05,22.550010183171015,79.51732431028678,945.3
STN_00405,2025-01-16,16.5,29.21,88.2,94.2,9.1,18.117780841000368,75.90719938178903,626.6
STN_00406,2025-01-17,15.15,38.45,54.0,56.6,1.55,24.619649967539416,76.51051056195361,851.1
STN_00407,2025-01-18,17.95,33.63,74.0,79.3,0.33,24.069054868017766,73.82700266232636,938.1
STN_00408,2025-01-19,24.04,37.49,67.5,60.5,3.4,19.663613674088246,82.88167265284932,337.0
STN_00409,2025-01-20,19.03,30.07,86.2,47.5,13.95,21.326370797641285,76.10353994154411,615.3
STN_00410,2025-01-21,17.8,39.58,62.2,43.4,0.16,20.263692738350596,76.75915956544881,717.2
STN_00411,2025-01-22,22.35,36.44,85.9,51.2,6.74,25.06360140071802,76.20043815251086,343.7
STN_00412,2025-01-23,20.24,41.75,78.2,79.4,3.19,25.075308577494177,76.25714826303867,718.3
STN_00413,2025-01-24,18.74,29.24,46.7,83.6,3.28,22.633093072871112,81.69141275305834,151.1
STN_00414,2025-01-25,18.1,32.3,50.5,95.3,2.39,18.651202964775717,76.57072300420276,834.0
STN_00415,2025-01-26,20.56,41.89,74.0,90.5,0.16,19.620514001466624,80.96978024574534,395.1
STN_00416,2025-01-27,22.44,28.71,41.8,21.3,3.27,26.831221888116094,75.54142632296526,742.5
STN_00417,2025-01-28,5.57,26.51,85.0,2.1,0.17,21.07654198306664,73.31075045062398,408.8
STN_00418,2025-01-29,13.65,34.72,50.0,103.6,10.64,22.453176243810727,77.96629688214112,320.3
STN_00419,2025-01-30,11.57,41.34,88.2,1.4,8.94,17.365900029271994,77.16303038487908,532.6
STN_00420,2025-01-01,20.3,41.05,94.3,58.1,3.19,26.199924230030767,78.38646461132454,742.7
STN_00421,2025-01-02,14.13,37.14,32.3,46.1,5.12,25.099991504957906,80.444899805861,358.6
STN_00422,2025-01-03,10.5,29.72,81.3,0.2,11.22,25.689088230659856,75.4236939239637,874.1
STN_00423,2025-01-04,15.69,44.36,90.1,74.5,4.26,18.197437551295675,75.2559207055007,756.6
STN_00424,2025-01-05,15.36,41.2,94.5,95.4,9.9,18.46338810714595,75.82839044796705,841.7
STN_00425,2025-01-06,14.48,38.84,39.8,65.1,13.3,19.047617438895365,73.51375656919477,382.5
STN_00426,2025-01-07,9.95,44.22,69.9,32.5,10.83,18.620791595454683,77.25032732941304,857.4
STN_00427,2025-01-08,23.23,28.38,87.2,79.7,3.86,18.85848263572346,79.27774010402311,287.8
STN_00428,2025-01-09,23.32,39.07,76.9,102.3,8.86,19.4221603892191,77.10192143470064,230.4
STN_00429,2025-01-10,15.32,27.2,56.7,55.0,10.98,23.74877184346719,80.54650849376706,500.4
STN_00430,2025-01-11,8.4,35.58,87.3,62.8,1.97,19.037728471237642,78.28170624473289,218.9
STN_00431,2025-01-12,17.1,27.73,45.5,5.8,1.7,17.314195309529943,74.40345224394108,837.5
STN_00432,2025-01-13,24.84,37.98,46.7,27.4,10.97,24.745070365168008,81.51036133907213,480.4
STN_00433,2025-01-14,9.88,36.88,79.3,22.9,3.83,20.098963026885684,79.32245957707121,636.0
STN_00434,2025-01-15,9.02,32.29,59.2,113.0,7.87,21.283867448893005,79.14803508416422,740.2
STN_00435,2025-01-16,15.8,44.34,62.3,50.7,2.48,24.802893328345064,80.67602951585667,391.4
STN_00436,2025-01-17,7.26,44.22,69.5,67.7,3.44,22.5534153763725,80.4761750570722,391.1
STN_00437,2025-01-18,23.41,35.94,63.4,78.2,6.36,24.891899622507417,80.99519492321438,417.3
STN_00438,2025-01-19,8.68,34.33,58.3,87.2,5.74,17.19987883692138,82.19731598952629,532.1
STN_00439,2025-01-20,16.86,38.63,40.5,16.3,0.06,22.707468751916135,81.7614267906782,612.3
STN_00440,2025-01-21,6.56,44.15,93.0,101.4,6.41,21.503035518786106,81.00943984297892,679.8
STN_00441,2025-01-22,24.88,42.06,45.5,6.1,2.38,17.860599301182983,80.02632347443387,224.9
STN_00442,2025-01-23,9.51,31.26,68.6,31.5,12.65,25.544364987500813,80.64450340451619,210.2
STN_00443,2025-01-24,18.83,32.46,33.1,31.4,3.3,18.64410183761551,76.05429469049793,225.3
STN_00444,2025-01-25,18.05,30.33,80.2,74.8,13.71,21.189569622469133,77.50204514299911,750.2
STN_00445,2025-01-26,10.1,40.44,33.2,33.5,12.95,26.947137374388575,82.42830783179144,302.7
STN_00446,2025-01-27,11.15,42.74,73.8,59.3,7.37,19.1657266284997,80.799543943235,496.6
STN_00447,2025-01-28,5.38,30.53,80.3,103.0,2.09,24.17494578658093,77.44058213501933,652.1
STN_00448,2025-01-29,7.58,44.26,45.9,49.4,13.37,22.345434812621743,79.8207446110079,755.6
STN_00449,2025-01-30,9.81,42.3,76.9,110.0,6.1,17.70713000476156,73.15113769995185,333.6
STN_00450,2025-01-01,14.2,35.89,31.9,15.0,7.48,26.262474016547312,80.56861272479655,853.1
STN_00451,2025-01-02,9.88,38.79,57.3,88.9,2.79,23.54986496388253,74.4589802508139,570.5
STN_00452,2025-01-03,9.18,33.1,45.4,79.1,11.33,25.81479649625055,76.36465952457462,335.4
STN_00453,2025-01-04,6.91,35.56,31.8,22.4,13.0,26.64039545397904,79.20313396896131,172.8
STN_00454,2025-01-05,22.83,43.08,60.5,69.3,0.82,18.516704923583323,82.40015087123612,601.1
STN_00455,2025-01-06,15.62,35.68,82.4,42.1,4.41,21.804871499519813,81.73606773960385,372.1
STN_00456,2025-01-07,8.91,31.02,57.0,44.9,8.94,21.48376554274453,80.93659241352509,441.9
STN_00457,2025-01-08,7.71,38.21,70.8,35.8,0.48,26.064687233532865,73.30072189338301,444.5
STN_00458,2025-01-09,10.12,36.87,69.3,44.0,10.47,17.60273826573679,77.4589568526066,843.6
STN_00459,2025-01-10,15.1,40.51,85.5,42.4,13.53,17.559422824189433,80.21505890809397,501.3
STN_00460,2025-01-11,22.58,38.26,33.6,25.5,8.31,21.78598740774752,76.1039981395732,244.3
STN_00461,2025-01-12,21.41,36.79,48.4,12.8,12.59,24.735157228520215,78.76091943022661,481.2
STN_00462,2025-01-13,17.44,37.04,39.5,120.0,11.16,24.814639858444117,73.74626344184357,453.8
STN_00463,2025-01-14,18.7,28.46,70.3,58.4,0.78,26.336046419224527,75.60750627782086,647.4
STN_00464,2025-01-15,18.95,43.68,88.5,17.3,1.66,24.14425545424911,79.64209645038214,924.8
STN_00465,2025-01-16,15.49,39.6,77.4,49.2,3.79,24.674370179526612,80.45841003327156,544.9
STN_00466,2025-01-17,13.76,36.1,57.6,83.8,9.71,17.15010256282195,78.48174143457994,567.9
STN_00467,2025-01-18,8.29,34.02,74.5,116.1,4.36,19.951792272549756,74.70396068950419,922.2
STN_00468,2025-01-19,10.18,31.66,40.4,64.1,8.32,23.50319621350858,80.22607786942889,740.3
STN_00469,2025-01-20,12.78,29.67,66.3,77.2,8.85,19.9962916877069,77.23339053704449,906.4
STN_00470,2025-01-21,10.7,26.23,52.1,91.3,6.65,22.400642525398393,81.91050693212256,850.2
STN_00471,2025-01-22,22.33,36.14,64.6,41.4,2.36,18.242941455658425,73.96547507145992,392.3
STN_00472,2025-01-23,17.25,42.96,71.4,8.3,10.48,23.55164145364801,82.98340885273966,746.9
STN_00473,2025-01-24,22.44,34.91,69.2,65.5,0.31,21.918451714763435,74.15397497734679,840.7
STN_00474,2025-01-25,21.04,43.54,82.7,113.4,0.8,24.81467665279242,80.68309191496795,877.1
STN_00475,2025-01-26,18.14,40.92,53.8,62.6,12.93,24.06292509915363,81.0690669711476,796.4
STN_00476,2025-01-27,17.1,43.9,43.0,12.4,8.83,25.764184914787812,82.73440022531283,316.5
STN_00477,2025-01-28,11.0,30.29,67.8,35.4,0.1,20.827358165219344,76.34642235198245,747.5
STN_00478,2025-01-29,10.76,27.05,51.3,45.6,6.35,17.71299822555668,79.23460219530483,858.8
STN_00479,2025-01-30,22.42,29.0,93.4,107.4,1.0,19.0979440986793,82.91967699734201,270.4
STN_00480,2025-01-01,14.34,29.93,59.9,34.0,11.03,24.5380928586981,82.6887553800427,164.7
STN_00481,2025-01-02,17.82,44.53,73.1,80.4,7.0,17.37504475239595,73.37854417634706,780.6
STN_00482,2025-01-03,20.72,41.2,39.2,54.1,0.69,18.03117581454104,73.55617576221499,234.5
STN_00483,2025-01-04,12.63,33.45,84.5,49.6,12.77,17.272241058317068,81.83364958766924,348.9
STN_00484,2025-01-05,14.35,43.67,92.8,97.3,11.76,19.117672484314383,78.17615453377279,315.9
STN_00485,2025-01-06,23.35,34.55,74.6,32.0,1.09,18.29200189827501,80.32920006550975,789.3
STN_00486,2025-01-07,18.66,30.07,77.0,85.7,7.79,25.609174269407823,81.0010240143052,774.9
STN_00487,2025-01-08,24.53,42.63,51.8,4.1,5.14,22.11866044956875,75.08013946939914,407.7
STN_00488,2025-01-09,22.11,42.14,44.6,110.0,12.56,20.687850145768063,75.26796602773383,566.3
STN_00489,2025-01-10,11.9,32.84,94.4,20.7,0.4,23.072247013941706,76.83650656862991,701.3
STN_00490,2025-01-11,12.04,26.14,75.0,3.1,7.94,25.396159492797914,74.02329975383071,526.4
STN_00491,2025-01-12,17.84,40.2,87.2,5.3,0.01,18.634861914537602,82.90958068665714,715.5
STN_00492,2025-01-13,17.55,36.35,31.4,6.7,0.54,20.730602820930713,80.84754962281438,631.4
STN_00493,2025-01-14,21.9,32.9,92.5,98.3,13.08,24.027444004165943,78.04754712765485,636.5
STN_00494,2025-01-15,19.84,34.77,30.1,95.7,7.96,19.447992743494027,73.6289917720523,901.5
STN_00495,2025-01-16,5.61,31.86,77.6,41.3,4.42,19.947882733498744,78.36706783471105,900.4
STN_00496,2025-01-17,17.55,31.1,65.3,115.2,3.12,21.085360752539568,77.37267240172122,482.6
STN_00497,2025-01-18,22.82,26.05,52.7,24.2,7.48,24.81066619309901,82.29380905812056,755.0
STN_00498,2025-01-19,13.62,34.5,89.3,0.5,4.2,25.60562642830304,78.25312591618054,766.9
STN_00499,2025-01-20,11.95,26.59,44.7,108.9,3.54,21.258239186996633,73.8105278804297,843.8
